dataset,frame,yaw_deg,n_points,inside_image,object_points,hits,hit_ratio
kitti_mini,000008,0,122555,17238,5127,5108,0.9963
kitti_mini,000008,0.5,122555,17281,5104,5082,0.9957
kitti_mini,000008,1,122555,17316,5071,5001,0.9862
kitti_mini,000008,2,122555,17384,5008,4748,0.9481
kitti_mini,000008,3,122555,17436,4943,4497,0.9098
kitti_mini,000011,0,108004,19946,725,721,0.9945
kitti_mini,000011,0.5,108004,19946,690,634,0.9188
kitti_mini,000011,1,108004,19952,656,508,0.7744
kitti_mini,000011,2,108004,19963,592,269,0.4544
kitti_mini,000011,3,108004,19948,537,114,0.2123
kitti_mini,000049,0,113691,18093,4557,4523,0.9925
kitti_mini,000049,0.5,113691,18134,4559,4443,0.9746
kitti_mini,000049,1,113691,18174,4553,4257,0.935
kitti_mini,000049,2,113691,18229,4516,3827,0.8474
kitti_mini,000049,3,113691,18231,4470,3322,0.7432
