dataset,frame,yaw_deg,object_id,class,distance_m,distance_bin,object_points,hits,hit_ratio
kitti_mini,000008,0,0,Car,4.56,0-15m,1424,1412,0.9916
kitti_mini,000008,0,1,Car,7.95,0-15m,1940,1940,1.0
kitti_mini,000008,0,2,Car,7.23,0-15m,878,871,0.992
kitti_mini,000008,0,3,Car,14.48,0-15m,668,668,1.0
kitti_mini,000008,0,4,Car,33.98,>=30m,53,53,1.0
kitti_mini,000008,0,5,Car,21.69,15-30m,164,164,1.0
kitti_mini,000008,0.5,0,Car,4.56,0-15m,1381,1371,0.9928
kitti_mini,000008,0.5,1,Car,7.95,0-15m,1940,1940,1.0
kitti_mini,000008,0.5,2,Car,7.23,0-15m,898,893,0.9944
kitti_mini,000008,0.5,3,Car,14.48,0-15m,668,668,1.0
kitti_mini,000008,0.5,4,Car,33.98,>=30m,53,48,0.9057
kitti_mini,000008,0.5,5,Car,21.69,15-30m,164,162,0.9878
kitti_mini,000008,1,0,Car,4.56,0-15m,1338,1325,0.9903
kitti_mini,000008,1,1,Car,7.95,0-15m,1940,1940,1.0
kitti_mini,000008,1,2,Car,7.23,0-15m,908,899,0.9901
kitti_mini,000008,1,3,Car,14.48,0-15m,668,655,0.9805
kitti_mini,000008,1,4,Car,33.98,>=30m,53,40,0.7547
kitti_mini,000008,1,5,Car,21.69,15-30m,164,142,0.8659
kitti_mini,000008,2,0,Car,4.56,0-15m,1260,1244,0.9873
kitti_mini,000008,2,1,Car,7.95,0-15m,1940,1928,0.9938
kitti_mini,000008,2,2,Car,7.23,0-15m,923,883,0.9567
kitti_mini,000008,2,3,Car,14.48,0-15m,668,577,0.8638
kitti_mini,000008,2,4,Car,33.98,>=30m,53,17,0.3208
kitti_mini,000008,2,5,Car,21.69,15-30m,164,99,0.6037
kitti_mini,000008,3,0,Car,4.56,0-15m,1180,1173,0.9941
kitti_mini,000008,3,1,Car,7.95,0-15m,1940,1894,0.9763
kitti_mini,000008,3,2,Car,7.23,0-15m,938,878,0.936
kitti_mini,000008,3,3,Car,14.48,0-15m,668,487,0.729
kitti_mini,000008,3,4,Car,33.98,>=30m,53,3,0.0566
kitti_mini,000008,3,5,Car,21.69,15-30m,164,62,0.378
kitti_mini,000011,0,0,Pedestrian,13.41,0-15m,151,150,0.9934
kitti_mini,000011,0,1,Pedestrian,14.48,0-15m,35,35,1.0
kitti_mini,000011,0,2,Car,27.1,15-30m,208,208,1.0
kitti_mini,000011,0,3,Pedestrian,34.15,>=30m,40,40,1.0
kitti_mini,000011,0,4,Car,6.58,0-15m,210,207,0.9857
kitti_mini,000011,0,5,Pedestrian,17.81,15-30m,81,81,1.0
kitti_mini,000011,0.5,0,Pedestrian,13.41,0-15m,151,141,0.9338
kitti_mini,000011,0.5,1,Pedestrian,14.48,0-15m,35,35,1.0
kitti_mini,000011,0.5,2,Car,27.1,15-30m,208,199,0.9567
kitti_mini,000011,0.5,3,Pedestrian,34.15,>=30m,40,21,0.525
kitti_mini,000011,0.5,4,Car,6.58,0-15m,175,172,0.9829
kitti_mini,000011,0.5,5,Pedestrian,17.81,15-30m,81,66,0.8148
kitti_mini,000011,1,0,Pedestrian,13.41,0-15m,151,124,0.8212
kitti_mini,000011,1,1,Pedestrian,14.48,0-15m,35,35,1.0
kitti_mini,000011,1,2,Car,27.1,15-30m,208,178,0.8558
kitti_mini,000011,1,3,Pedestrian,34.15,>=30m,40,3,0.075
kitti_mini,000011,1,4,Car,6.58,0-15m,141,140,0.9929
kitti_mini,000011,1,5,Pedestrian,17.81,15-30m,81,28,0.3457
kitti_mini,000011,2,0,Pedestrian,13.41,0-15m,151,44,0.2914
kitti_mini,000011,2,1,Pedestrian,14.48,0-15m,35,21,0.6
kitti_mini,000011,2,2,Car,27.1,15-30m,208,127,0.6106
kitti_mini,000011,2,3,Pedestrian,34.15,>=30m,40,0,0.0
kitti_mini,000011,2,4,Car,6.58,0-15m,77,77,1.0
kitti_mini,000011,2,5,Pedestrian,17.81,15-30m,81,0,0.0
kitti_mini,000011,3,0,Pedestrian,13.41,0-15m,151,10,0.0662
kitti_mini,000011,3,1,Pedestrian,14.48,0-15m,35,6,0.1714
kitti_mini,000011,3,2,Car,27.1,15-30m,208,76,0.3654
kitti_mini,000011,3,3,Pedestrian,34.15,>=30m,40,0,0.0
kitti_mini,000011,3,4,Car,6.58,0-15m,22,22,1.0
kitti_mini,000011,3,5,Pedestrian,17.81,15-30m,81,0,0.0
kitti_mini,000049,0,0,Car,21.55,15-30m,206,206,1.0
kitti_mini,000049,0,1,Car,14.35,0-15m,930,930,1.0
kitti_mini,000049,0,2,Car,22.29,15-30m,140,140,1.0
kitti_mini,000049,0,3,Car,25.2,15-30m,79,79,1.0
kitti_mini,000049,0,4,Car,32.78,>=30m,18,18,1.0
kitti_mini,000049,0,5,Van,45.86,>=30m,79,79,1.0
kitti_mini,000049,0,6,Pedestrian,5.46,0-15m,719,690,0.9597
kitti_mini,000049,0,7,Car,10.4,0-15m,571,571,1.0
kitti_mini,000049,0,8,Car,15.44,15-30m,432,432,1.0
kitti_mini,000049,0,9,Car,20.64,15-30m,198,198,1.0
kitti_mini,000049,0,10,Pedestrian,32.79,>=30m,42,37,0.881
kitti_mini,000049,0,11,Car,33.25,>=30m,74,74,1.0
kitti_mini,000049,0,12,Car,14.42,0-15m,437,437,1.0
kitti_mini,000049,0,13,Car,19.02,15-30m,312,312,1.0
kitti_mini,000049,0,14,Car,35.67,>=30m,2,2,1.0
kitti_mini,000049,0,15,Car,23.2,15-30m,8,8,1.0
kitti_mini,000049,0,16,Van,35.57,>=30m,261,261,1.0
kitti_mini,000049,0,17,Car,22.38,15-30m,49,49,1.0
kitti_mini,000049,0.5,0,Car,21.55,15-30m,206,190,0.9223
kitti_mini,000049,0.5,1,Car,14.35,0-15m,930,925,0.9946
kitti_mini,000049,0.5,2,Car,22.29,15-30m,140,140,1.0
kitti_mini,000049,0.5,3,Car,25.2,15-30m,79,79,1.0
kitti_mini,000049,0.5,4,Car,32.78,>=30m,18,18,1.0
kitti_mini,000049,0.5,5,Van,45.86,>=30m,79,79,1.0
kitti_mini,000049,0.5,6,Pedestrian,5.46,0-15m,722,671,0.9294
kitti_mini,000049,0.5,7,Car,10.4,0-15m,571,565,0.9895
kitti_mini,000049,0.5,8,Car,15.44,15-30m,432,426,0.9861
kitti_mini,000049,0.5,9,Car,20.64,15-30m,198,195,0.9848
kitti_mini,000049,0.5,10,Pedestrian,32.79,>=30m,42,24,0.5714
kitti_mini,000049,0.5,11,Car,33.25,>=30m,74,74,1.0
kitti_mini,000049,0.5,12,Car,14.42,0-15m,437,437,1.0
kitti_mini,000049,0.5,13,Car,19.02,15-30m,312,312,1.0
kitti_mini,000049,0.5,14,Car,35.67,>=30m,2,2,1.0
kitti_mini,000049,0.5,15,Car,23.2,15-30m,8,8,1.0
kitti_mini,000049,0.5,16,Van,35.57,>=30m,261,250,0.9579
kitti_mini,000049,0.5,17,Car,22.38,15-30m,48,48,1.0
kitti_mini,000049,1,0,Car,21.55,15-30m,206,165,0.801
kitti_mini,000049,1,1,Car,14.35,0-15m,930,903,0.971
kitti_mini,000049,1,2,Car,22.29,15-30m,140,140,1.0
kitti_mini,000049,1,3,Car,25.2,15-30m,79,79,1.0
kitti_mini,000049,1,4,Car,32.78,>=30m,18,18,1.0
kitti_mini,000049,1,5,Van,45.86,>=30m,79,76,0.962
kitti_mini,000049,1,6,Pedestrian,5.46,0-15m,723,649,0.8976
kitti_mini,000049,1,7,Car,10.4,0-15m,571,543,0.951
kitti_mini,000049,1,8,Car,15.44,15-30m,432,406,0.9398
kitti_mini,000049,1,9,Car,20.64,15-30m,198,167,0.8434
kitti_mini,000049,1,10,Pedestrian,32.79,>=30m,42,2,0.0476
kitti_mini,000049,1,11,Car,33.25,>=30m,74,74,1.0
kitti_mini,000049,1,12,Car,14.42,0-15m,437,437,1.0
kitti_mini,000049,1,13,Car,19.02,15-30m,312,312,1.0
kitti_mini,000049,1,14,Car,35.67,>=30m,2,2,1.0
kitti_mini,000049,1,15,Car,23.2,15-30m,8,8,1.0
kitti_mini,000049,1,16,Van,35.57,>=30m,261,235,0.9004
kitti_mini,000049,1,17,Car,22.38,15-30m,41,41,1.0
kitti_mini,000049,2,0,Car,21.55,15-30m,206,116,0.5631
kitti_mini,000049,2,1,Car,14.35,0-15m,930,854,0.9183
kitti_mini,000049,2,2,Car,22.29,15-30m,140,140,1.0
kitti_mini,000049,2,3,Car,25.2,15-30m,79,79,1.0
kitti_mini,000049,2,4,Car,32.78,>=30m,18,18,1.0
kitti_mini,000049,2,5,Van,45.86,>=30m,79,69,0.8734
kitti_mini,000049,2,6,Pedestrian,5.46,0-15m,723,561,0.7759
kitti_mini,000049,2,7,Car,10.4,0-15m,571,495,0.8669
kitti_mini,000049,2,8,Car,15.44,15-30m,432,359,0.831
kitti_mini,000049,2,9,Car,20.64,15-30m,198,102,0.5152
kitti_mini,000049,2,10,Pedestrian,32.79,>=30m,42,0,0.0
kitti_mini,000049,2,11,Car,33.25,>=30m,74,73,0.9865
kitti_mini,000049,2,12,Car,14.42,0-15m,421,421,1.0
kitti_mini,000049,2,13,Car,19.02,15-30m,312,311,0.9968
kitti_mini,000049,2,14,Car,35.67,>=30m,2,2,1.0
kitti_mini,000049,2,15,Car,23.2,15-30m,8,8,1.0
kitti_mini,000049,2,16,Van,35.57,>=30m,261,199,0.7625
kitti_mini,000049,2,17,Car,22.38,15-30m,20,20,1.0
kitti_mini,000049,3,0,Car,21.55,15-30m,206,74,0.3592
kitti_mini,000049,3,1,Car,14.35,0-15m,930,797,0.857
kitti_mini,000049,3,2,Car,22.29,15-30m,140,138,0.9857
kitti_mini,000049,3,3,Car,25.2,15-30m,79,76,0.962
kitti_mini,000049,3,4,Car,32.78,>=30m,18,18,1.0
kitti_mini,000049,3,5,Van,45.86,>=30m,79,59,0.7468
kitti_mini,000049,3,6,Pedestrian,5.46,0-15m,723,436,0.603
kitti_mini,000049,3,7,Car,10.4,0-15m,571,464,0.8126
kitti_mini,000049,3,8,Car,15.44,15-30m,432,298,0.6898
kitti_mini,000049,3,9,Car,20.64,15-30m,198,38,0.1919
kitti_mini,000049,3,10,Pedestrian,32.79,>=30m,42,0,0.0
kitti_mini,000049,3,11,Car,33.25,>=30m,74,62,0.8378
kitti_mini,000049,3,12,Car,14.42,0-15m,385,385,1.0
kitti_mini,000049,3,13,Car,19.02,15-30m,312,292,0.9359
kitti_mini,000049,3,14,Car,35.67,>=30m,2,0,0.0
kitti_mini,000049,3,15,Car,23.2,15-30m,8,7,0.875
kitti_mini,000049,3,16,Van,35.57,>=30m,261,168,0.6437
kitti_mini,000049,3,17,Car,22.38,15-30m,10,10,1.0
